sample	fastq_1	fastq_2	strandedness
U_Undetermined_X_S00_L1	H2M52DRX2_Undetermined_S0_L001_R1_001_MM_1.fastq.gz	H2M52DRX2_Undetermined_S0_L001_R2_001_MM_1.fastq.gz	forward
U_Undetermined_X_S00_L2	H2M52DRX2_Undetermined_S0_L002_R1_001_MM_1.fastq.gz	H2M52DRX2_Undetermined_S0_L002_R2_001_MM_1.fastq.gz	forward
wo_Nas2_1_S01_L1	BSSE_QGF_204141_H2M52DRX2_1__Nas2_1_GTGTCGGA_GCTTGCGC_S1_L001_R1_001_MM_1.fastq.gz	BSSE_QGF_204141_H2M52DRX2_1__Nas2_1_GTGTCGGA_GCTTGCGC_S1_L001_R2_001_MM_1.fastq.gz	forward
wo_Nas2_1_S01_L2	BSSE_QGF_204141_H2M52DRX2_2__Nas2_1_GTGTCGGA_GCTTGCGC_S1_L002_R1_001_MM_1.fastq.gz	BSSE_QGF_204141_H2M52DRX2_2__Nas2_1_GTGTCGGA_GCTTGCGC_S1_L002_R2_001_MM_1.fastq.gz	forward
wo_C1_1_S02_L1	BSSE_QGF_204142_H2M52DRX2_1__C1_1_TTCCTGTT_AGTATCTT_S2_L001_R1_001_MM_1.fastq.gz	BSSE_QGF_204142_H2M52DRX2_1__C1_1_TTCCTGTT_AGTATCTT_S2_L001_R2_001_MM_1.fastq.gz	forward
wo_C1_1_S02_L2	BSSE_QGF_204142_H2M52DRX2_2__C1_1_TTCCTGTT_AGTATCTT_S2_L002_R1_001_MM_1.fastq.gz	BSSE_QGF_204142_H2M52DRX2_2__C1_1_TTCCTGTT_AGTATCTT_S2_L002_R2_001_MM_1.fastq.gz	forward
wo_C4_1_S03_L1	BSSE_QGF_204143_H2M52DRX2_1__C4_1_CCTTCACC_GACGCTCC_S3_L001_R1_001_MM_1.fastq.gz	BSSE_QGF_204143_H2M52DRX2_1__C4_1_CCTTCACC_GACGCTCC_S3_L001_R2_001_MM_1.fastq.gz	forward
wo_C4_1_S03_L2	BSSE_QGF_204143_H2M52DRX2_2__C4_1_CCTTCACC_GACGCTCC_S3_L002_R1_001_MM_1.fastq.gz	BSSE_QGF_204143_H2M52DRX2_2__C4_1_CCTTCACC_GACGCTCC_S3_L002_R2_001_MM_1.fastq.gz	forward
wo_C5_1_S04_L1	BSSE_QGF_204144_H2M52DRX2_1__C5_1_GCCACAGG_CATGCCAT_S4_L001_R1_001_MM_1.fastq.gz	BSSE_QGF_204144_H2M52DRX2_1__C5_1_GCCACAGG_CATGCCAT_S4_L001_R2_001_MM_1.fastq.gz	forward
wo_C5_1_S04_L2	BSSE_QGF_204144_H2M52DRX2_2__C5_1_GCCACAGG_CATGCCAT_S4_L002_R1_001_MM_1.fastq.gz	BSSE_QGF_204144_H2M52DRX2_2__C5_1_GCCACAGG_CATGCCAT_S4_L002_R2_001_MM_1.fastq.gz	forward
half_Ctrl_1_S05_L1	BSSE_QGF_204145_H2M52DRX2_1__1_2_Ctrl_1_ATTGTGAA_TGCATTGC_S5_L001_R1_001_MM_1.fastq.gz	BSSE_QGF_204145_H2M52DRX2_1__1_2_Ctrl_1_ATTGTGAA_TGCATTGC_S5_L001_R2_001_MM_1.fastq.gz	forward
half_Ctrl_1_S05_L2	BSSE_QGF_204145_H2M52DRX2_2__1_2_Ctrl_1_ATTGTGAA_TGCATTGC_S5_L002_R1_001_MM_1.fastq.gz	BSSE_QGF_204145_H2M52DRX2_2__1_2_Ctrl_1_ATTGTGAA_TGCATTGC_S5_L002_R2_001_MM_1.fastq.gz	forward
half_C1_1_S06_L1	BSSE_QGF_204146_H2M52DRX2_1__1_2_C1_1_ACTCGTGT_ATTGGAAC_S6_L001_R1_001_MM_1.fastq.gz	BSSE_QGF_204146_H2M52DRX2_1__1_2_C1_1_ACTCGTGT_ATTGGAAC_S6_L001_R2_001_MM_1.fastq.gz	forward
half_C1_1_S06_L2	BSSE_QGF_204146_H2M52DRX2_2__1_2_C1_1_ACTCGTGT_ATTGGAAC_S6_L002_R1_001_MM_1.fastq.gz	BSSE_QGF_204146_H2M52DRX2_2__1_2_C1_1_ACTCGTGT_ATTGGAAC_S6_L002_R2_001_MM_1.fastq.gz	forward
half_C4_1_S07_L1	BSSE_QGF_204147_H2M52DRX2_1__1_2_C4_1_GTCTACAC_GCCAAGGT_S7_L001_R1_001_MM_1.fastq.gz	BSSE_QGF_204147_H2M52DRX2_1__1_2_C4_1_GTCTACAC_GCCAAGGT_S7_L001_R2_001_MM_1.fastq.gz	forward
half_C4_1_S07_L2	BSSE_QGF_204147_H2M52DRX2_2__1_2_C4_1_GTCTACAC_GCCAAGGT_S7_L002_R1_001_MM_1.fastq.gz	BSSE_QGF_204147_H2M52DRX2_2__1_2_C4_1_GTCTACAC_GCCAAGGT_S7_L002_R2_001_MM_1.fastq.gz	forward
half_C5_1_S08_L1	BSSE_QGF_204148_H2M52DRX2_1__1_2_C5_1_CAATTAAC_CGAGATAT_S8_L001_R1_001_MM_1.fastq.gz	BSSE_QGF_204148_H2M52DRX2_1__1_2_C5_1_CAATTAAC_CGAGATAT_S8_L001_R2_001_MM_1.fastq.gz	forward
half_C5_1_S08_L2	BSSE_QGF_204148_H2M52DRX2_2__1_2_C5_1_CAATTAAC_CGAGATAT_S8_L002_R1_001_MM_1.fastq.gz	BSSE_QGF_204148_H2M52DRX2_2__1_2_C5_1_CAATTAAC_CGAGATAT_S8_L002_R2_001_MM_1.fastq.gz	forward
wo_Nas2_2_S09_L1	BSSE_QGF_204149_H2M52DRX2_1__Nas2_2_TGGCCGGT_TAGAGCGC_S9_L001_R1_001_MM_1.fastq.gz	BSSE_QGF_204149_H2M52DRX2_1__Nas2_2_TGGCCGGT_TAGAGCGC_S9_L001_R2_001_MM_1.fastq.gz	forward
wo_Nas2_2_S09_L2	BSSE_QGF_204149_H2M52DRX2_2__Nas2_2_TGGCCGGT_TAGAGCGC_S9_L002_R1_001_MM_1.fastq.gz	BSSE_QGF_204149_H2M52DRX2_2__Nas2_2_TGGCCGGT_TAGAGCGC_S9_L002_R2_001_MM_1.fastq.gz	forward
wo_Ctrl_2_S10_L1	BSSE_QGF_204150_H2M52DRX2_1__Ctrl_2_AGTACTCC_AACCTGTT_S10_L001_R1_001_MM_1.fastq.gz	BSSE_QGF_204150_H2M52DRX2_1__Ctrl_2_AGTACTCC_AACCTGTT_S10_L001_R2_001_MM_1.fastq.gz	forward
wo_Ctrl_2_S10_L2	BSSE_QGF_204150_H2M52DRX2_2__Ctrl_2_AGTACTCC_AACCTGTT_S10_L002_R1_001_MM_1.fastq.gz	BSSE_QGF_204150_H2M52DRX2_2__Ctrl_2_AGTACTCC_AACCTGTT_S10_L002_R2_001_MM_1.fastq.gz	forward
wo_C4_2_S11_L1	BSSE_QGF_204151_H2M52DRX2_1__C4_2_GACGTCTT_GGTTCACC_S11_L001_R1_001_MM_1.fastq.gz	BSSE_QGF_204151_H2M52DRX2_1__C4_2_GACGTCTT_GGTTCACC_S11_L001_R2_001_MM_1.fastq.gz	forward
wo_C4_2_S11_L2	BSSE_QGF_204151_H2M52DRX2_2__C4_2_GACGTCTT_GGTTCACC_S11_L002_R1_001_MM_1.fastq.gz	BSSE_QGF_204151_H2M52DRX2_2__C4_2_GACGTCTT_GGTTCACC_S11_L002_R2_001_MM_1.fastq.gz	forward
wo_C5_2_S12_L1	BSSE_QGF_204152_H2M52DRX2_1__C5_2_TGCGAGAC_CATTGTTG_S12_L001_R1_001_MM_1.fastq.gz	BSSE_QGF_204152_H2M52DRX2_1__C5_2_TGCGAGAC_CATTGTTG_S12_L001_R2_001_MM_1.fastq.gz	forward
wo_C5_2_S12_L2	BSSE_QGF_204152_H2M52DRX2_2__C5_2_TGCGAGAC_CATTGTTG_S12_L002_R1_001_MM_1.fastq.gz	BSSE_QGF_204152_H2M52DRX2_2__C5_2_TGCGAGAC_CATTGTTG_S12_L002_R2_001_MM_1.fastq.gz	forward
half_Nas2_2_S13_L1	BSSE_QGF_204153_H2M52DRX2_1__1_2_Nas2_2_CATAGAGT_TGCCACCA_S13_L001_R1_001_MM_1.fastq.gz	BSSE_QGF_204153_H2M52DRX2_1__1_2_Nas2_2_CATAGAGT_TGCCACCA_S13_L001_R2_001_MM_1.fastq.gz	forward
half_Nas2_2_S13_L2	BSSE_QGF_204153_H2M52DRX2_2__1_2_Nas2_2_CATAGAGT_TGCCACCA_S13_L002_R1_001_MM_1.fastq.gz	BSSE_QGF_204153_H2M52DRX2_2__1_2_Nas2_2_CATAGAGT_TGCCACCA_S13_L002_R2_001_MM_1.fastq.gz	forward
half_C5_2_S14_L1	BSSE_QGF_204154_H2M52DRX2_1__1_2_C5_2_ACAGGCGC_CTCTGCCT_S14_L001_R1_001_MM_1.fastq.gz	BSSE_QGF_204154_H2M52DRX2_1__1_2_C5_2_ACAGGCGC_CTCTGCCT_S14_L001_R2_001_MM_1.fastq.gz	forward
half_C5_2_S14_L2	BSSE_QGF_204154_H2M52DRX2_2__1_2_C5_2_ACAGGCGC_CTCTGCCT_S14_L002_R1_001_MM_1.fastq.gz	BSSE_QGF_204154_H2M52DRX2_2__1_2_C5_2_ACAGGCGC_CTCTGCCT_S14_L002_R2_001_MM_1.fastq.gz	forward
wo_Ctrl_3_S15_L1	BSSE_QGF_204155_H2M52DRX2_1__Ctrl_3_GTGAATAT_TCTCATTC_S15_L001_R1_001_MM_1.fastq.gz	BSSE_QGF_204155_H2M52DRX2_1__Ctrl_3_GTGAATAT_TCTCATTC_S15_L001_R2_001_MM_1.fastq.gz	forward
wo_Ctrl_3_S15_L2	BSSE_QGF_204155_H2M52DRX2_2__Ctrl_3_GTGAATAT_TCTCATTC_S15_L002_R1_001_MM_1.fastq.gz	BSSE_QGF_204155_H2M52DRX2_2__Ctrl_3_GTGAATAT_TCTCATTC_S15_L002_R2_001_MM_1.fastq.gz	forward
wo_C1_3_S16_L1	BSSE_QGF_204156_H2M52DRX2_1__C1_3_AACTGTAG_ACGCCGCA_S16_L001_R1_001_MM_1.fastq.gz	BSSE_QGF_204156_H2M52DRX2_1__C1_3_AACTGTAG_ACGCCGCA_S16_L001_R2_001_MM_1.fastq.gz	forward
wo_C1_3_S16_L2	BSSE_QGF_204156_H2M52DRX2_2__C1_3_AACTGTAG_ACGCCGCA_S16_L002_R1_001_MM_1.fastq.gz	BSSE_QGF_204156_H2M52DRX2_2__C1_3_AACTGTAG_ACGCCGCA_S16_L002_R2_001_MM_1.fastq.gz	forward
wo_C4_3_S17_L1	BSSE_QGF_204157_H2M52DRX2_1__C4_3_GGTCACGA_GTATTATG_S17_L001_R1_001_MM_1.fastq.gz	BSSE_QGF_204157_H2M52DRX2_1__C4_3_GGTCACGA_GTATTATG_S17_L001_R2_001_MM_1.fastq.gz	forward
wo_C4_3_S17_L2	BSSE_QGF_204157_H2M52DRX2_2__C4_3_GGTCACGA_GTATTATG_S17_L002_R1_001_MM_1.fastq.gz	BSSE_QGF_204157_H2M52DRX2_2__C4_3_GGTCACGA_GTATTATG_S17_L002_R2_001_MM_1.fastq.gz	forward
wo_C5_3_S18_L1	BSSE_QGF_204158_H2M52DRX2_1__C5_3_CTGCTTCC_GATAGATC_S18_L001_R1_001_MM_1.fastq.gz	BSSE_QGF_204158_H2M52DRX2_1__C5_3_CTGCTTCC_GATAGATC_S18_L001_R2_001_MM_1.fastq.gz	forward
wo_C5_3_S18_L2	BSSE_QGF_204158_H2M52DRX2_2__C5_3_CTGCTTCC_GATAGATC_S18_L002_R1_001_MM_1.fastq.gz	BSSE_QGF_204158_H2M52DRX2_2__C5_3_CTGCTTCC_GATAGATC_S18_L002_R2_001_MM_1.fastq.gz	forward
half_Nas2_3_S19_L1	BSSE_QGF_204159_H2M52DRX2_1__1_2_Nas2_3_TCATCCTT_AGCGAGCT_S19_L001_R1_001_MM_1.fastq.gz	BSSE_QGF_204159_H2M52DRX2_1__1_2_Nas2_3_TCATCCTT_AGCGAGCT_S19_L001_R2_001_MM_1.fastq.gz	forward
half_Nas2_3_S19_L2	BSSE_QGF_204159_H2M52DRX2_2__1_2_Nas2_3_TCATCCTT_AGCGAGCT_S19_L002_R1_001_MM_1.fastq.gz	BSSE_QGF_204159_H2M52DRX2_2__1_2_Nas2_3_TCATCCTT_AGCGAGCT_S19_L002_R2_001_MM_1.fastq.gz	forward
half_Ctrl_3_S20_L1	BSSE_QGF_204160_H2M52DRX2_1__1_2_Ctrl_3_AGGTTATA_CAGTTCCG_S20_L001_R1_001_MM_1.fastq.gz	BSSE_QGF_204160_H2M52DRX2_1__1_2_Ctrl_3_AGGTTATA_CAGTTCCG_S20_L001_R2_001_MM_1.fastq.gz	forward
half_Ctrl_3_S20_L2	BSSE_QGF_204160_H2M52DRX2_2__1_2_Ctrl_3_AGGTTATA_CAGTTCCG_S20_L002_R1_001_MM_1.fastq.gz	BSSE_QGF_204160_H2M52DRX2_2__1_2_Ctrl_3_AGGTTATA_CAGTTCCG_S20_L002_R2_001_MM_1.fastq.gz	forward
half_C1_3_S21_L1	BSSE_QGF_204161_H2M52DRX2_1__1_2_C1_3_GAACCGCG_TGACCTTA_S21_L001_R1_001_MM_1.fastq.gz	BSSE_QGF_204161_H2M52DRX2_1__1_2_C1_3_GAACCGCG_TGACCTTA_S21_L001_R2_001_MM_1.fastq.gz	forward
half_C1_3_S21_L2	BSSE_QGF_204161_H2M52DRX2_2__1_2_C1_3_GAACCGCG_TGACCTTA_S21_L002_R1_001_MM_1.fastq.gz	BSSE_QGF_204161_H2M52DRX2_2__1_2_C1_3_GAACCGCG_TGACCTTA_S21_L002_R2_001_MM_1.fastq.gz	forward
half_C5_3_S22_L1	BSSE_QGF_204162_H2M52DRX2_1__1_2_C5_3_CTCACCAA_CTAGGCAA_S22_L001_R1_001_MM_1.fastq.gz	BSSE_QGF_204162_H2M52DRX2_1__1_2_C5_3_CTCACCAA_CTAGGCAA_S22_L001_R2_001_MM_1.fastq.gz	forward
half_C5_3_S22_L2	BSSE_QGF_204162_H2M52DRX2_2__1_2_C5_3_CTCACCAA_CTAGGCAA_S22_L002_R1_001_MM_1.fastq.gz	BSSE_QGF_204162_H2M52DRX2_2__1_2_C5_3_CTCACCAA_CTAGGCAA_S22_L002_R2_001_MM_1.fastq.gz	forward
wo_Nas2_4_S23_L1	BSSE_QGF_204163_H2M52DRX2_1__Nas2_4_TCTGTTGG_TCGAATGG_S23_L001_R1_001_MM_1.fastq.gz	BSSE_QGF_204163_H2M52DRX2_1__Nas2_4_TCTGTTGG_TCGAATGG_S23_L001_R2_001_MM_1.fastq.gz	forward
wo_Nas2_4_S23_L2	BSSE_QGF_204163_H2M52DRX2_2__Nas2_4_TCTGTTGG_TCGAATGG_S23_L002_R1_001_MM_1.fastq.gz	BSSE_QGF_204163_H2M52DRX2_2__Nas2_4_TCTGTTGG_TCGAATGG_S23_L002_R2_001_MM_1.fastq.gz	forward
wo_Ctrl_4_S24_L1	BSSE_QGF_204164_H2M52DRX2_1__Ctrl_4_TATCGCAC_CTTAGTGT_S24_L001_R1_001_MM_1.fastq.gz	BSSE_QGF_204164_H2M52DRX2_1__Ctrl_4_TATCGCAC_CTTAGTGT_S24_L001_R2_001_MM_1.fastq.gz	forward
wo_Ctrl_4_S24_L2	BSSE_QGF_204164_H2M52DRX2_2__Ctrl_4_TATCGCAC_CTTAGTGT_S24_L002_R1_001_MM_1.fastq.gz	BSSE_QGF_204164_H2M52DRX2_2__Ctrl_4_TATCGCAC_CTTAGTGT_S24_L002_R2_001_MM_1.fastq.gz	forward
wo_C1_4_S25_L1	BSSE_QGF_204165_H2M52DRX2_1__C1_4_CGCTATGT_TCCGACAC_S25_L001_R1_001_MM_1.fastq.gz	BSSE_QGF_204165_H2M52DRX2_1__C1_4_CGCTATGT_TCCGACAC_S25_L001_R2_001_MM_1.fastq.gz	forward
wo_C1_4_S25_L2	BSSE_QGF_204165_H2M52DRX2_2__C1_4_CGCTATGT_TCCGACAC_S25_L002_R1_001_MM_1.fastq.gz	BSSE_QGF_204165_H2M52DRX2_2__C1_4_CGCTATGT_TCCGACAC_S25_L002_R2_001_MM_1.fastq.gz	forward
half_Nas2_4_S26_L1	BSSE_QGF_204166_H2M52DRX2_1__1_2_Nas2_4_GTATGTTC_AACAGGAA_S26_L001_R1_001_MM_1.fastq.gz	BSSE_QGF_204166_H2M52DRX2_1__1_2_Nas2_4_GTATGTTC_AACAGGAA_S26_L001_R2_001_MM_1.fastq.gz	forward
half_Nas2_4_S26_L2	BSSE_QGF_204166_H2M52DRX2_2__1_2_Nas2_4_GTATGTTC_AACAGGAA_S26_L002_R1_001_MM_1.fastq.gz	BSSE_QGF_204166_H2M52DRX2_2__1_2_Nas2_4_GTATGTTC_AACAGGAA_S26_L002_R2_001_MM_1.fastq.gz	forward
half_Ctrl_4_S27_L1	BSSE_QGF_204167_H2M52DRX2_1__1_2_Ctrl_4_ACGCACCT_GGTGAAGG_S27_L001_R1_001_MM_1.fastq.gz	BSSE_QGF_204167_H2M52DRX2_1__1_2_Ctrl_4_ACGCACCT_GGTGAAGG_S27_L001_R2_001_MM_1.fastq.gz	forward
half_Ctrl_4_S27_L2	BSSE_QGF_204167_H2M52DRX2_2__1_2_Ctrl_4_ACGCACCT_GGTGAAGG_S27_L002_R1_001_MM_1.fastq.gz	BSSE_QGF_204167_H2M52DRX2_2__1_2_Ctrl_4_ACGCACCT_GGTGAAGG_S27_L002_R2_001_MM_1.fastq.gz	forward
half_C1_4_S28_L1	BSSE_QGF_204168_H2M52DRX2_1__1_2_C1_4_TACTCATA_CCTGTGGC_S28_L001_R1_001_MM_1.fastq.gz	BSSE_QGF_204168_H2M52DRX2_1__1_2_C1_4_TACTCATA_CCTGTGGC_S28_L001_R2_001_MM_1.fastq.gz	forward
half_C1_4_S28_L2	BSSE_QGF_204168_H2M52DRX2_2__1_2_C1_4_TACTCATA_CCTGTGGC_S28_L002_R1_001_MM_1.fastq.gz	BSSE_QGF_204168_H2M52DRX2_2__1_2_C1_4_TACTCATA_CCTGTGGC_S28_L002_R2_001_MM_1.fastq.gz	forward
half_C4_4_S29_L1	BSSE_QGF_204169_H2M52DRX2_1__1_2_C4_4_CGTCTGCG_TTCACAAT_S29_L001_R1_001_MM_1.fastq.gz	BSSE_QGF_204169_H2M52DRX2_1__1_2_C4_4_CGTCTGCG_TTCACAAT_S29_L001_R2_001_MM_1.fastq.gz	forward
half_C4_4_S29_L2	BSSE_QGF_204169_H2M52DRX2_2__1_2_C4_4_CGTCTGCG_TTCACAAT_S29_L002_R1_001_MM_1.fastq.gz	BSSE_QGF_204169_H2M52DRX2_2__1_2_C4_4_CGTCTGCG_TTCACAAT_S29_L002_R2_001_MM_1.fastq.gz	forward
